tag,tick,time,state,x,y,z,vx,vy,vz,gravity,grounded,support,offered,ledge,traversal_support,target_x,target_y,target_z,progress,hands,accepted,aborted,jump_vault
settled,45,0.5,0,25.2999992371,66.9000015259,-139,0,0,0,1,1,11,0,0,0,0,0,0,0,0,0,0,0
approach,170,1.88888888889,0,27.1528053284,66.7033843994,-139,-5.54406520692e-11,9.27426802022e-10,3.10913648343e-13,1,1,2800,0,0,0,0,0,0,0,0,0,0,0
approach,269,2.98888888889,0,27.7652664185,66.7666397095,-138.600616455,-2.88271295723e-10,9.27426802022e-10,8.35399728994e-14,1,1,2800,0,0,0,0,0,0,0,0,0,0,0
approach,395,4.38888888889,0,30.5520915985,67.0536346436,-138.580001831,-1.86264514923e-09,-1.86264514923e-09,-2.9990587791e-10,1,1,2800,0,0,0,0,0,0,0,0,0,0,0
approach,484,5.37777777778,0,29.8154335022,67.0238876343,-139.450027466,-0.000147280326928,-1.46915053847e-05,1.96316018997e-11,1,1,2800,1,2801,0,0,0,0,0,0,0,0,0
before_action,493,5.47777777778,0,29.8154335022,67.0238876343,-139.450027466,-0.000147280399688,-1.46915153891e-05,1.96315186329e-11,1,1,2800,1,2801,0,0,0,0,0,0,0,0,0
BALLAST center=29.1238994598,66.5556945801,-139.449966431
entry,494,5.48888888889,4,29.8154335022,67.0238876343,-139.450027466,-0.00014728034148,-1.46918382598e-05,2.79558570737e-10,1,1,2800,0,0,2801,28.9388332367,68.044883728,-139.450027466,0,2,0,0,0
NO_VAULT actual_state=4 gravity=1 hands=2
