wall_s,native_render_s,tick,scale,seated,x,y,z,vx,vy,vz,specific_ax,specific_ay,specific_az,torso_pitch,head_pitch,seat_contact_error_m
0.0,5.12777777777778,462,1.0,true,6.0,1.09336590766907,-43.0349082946777,0.00000000394491,7.75037670135498,-2.66507363319397,0.00000017752093,358.576904296875,-119.928314208984,0.28135687112808,0.2989165186882,0.0
0.01666666666667,5.14444444444444,464,1.0,true,6.0,1.28827595710754,-43.0706062316895,0.00000000019032,27.8114395141602,-3.99127173423767,-0.00000045084852,1066.56420898438,39.6621894836426,0.45685902237892,0.50711280107498,0.0
0.03333333333333,5.16111111111111,465,1.0,true,6.0,1.74696791172028,-43.1343383789062,-0.00000000008991,36.5309143066406,-5.07538318634033,0.00000004385752,776.557006835938,-128.295028686523,0.70825725793839,0.84470391273499,0.00000005960464
0.05,5.17777777777778,467,1.0,true,6.0,2.3939414024353,-43.224479675293,-0.00000000004572,51.8201789855957,-7.21605634689331,0.00000000310961,728.357727050781,-100.524299621582,0.91157394647598,1.06157398223877,0.0
0.06666666666667,5.19444444444444,468,1.0,true,6.0,3.25090622901917,-43.3437957763672,-0.00000000003917,58.3890342712402,-8.12404251098633,0.00000000072832,634.151489257812,-86.9275207519531,0.91512227058411,1.06512236595154,0.0
0.08333333333333,5.21022222222222,469,0.94666666666667,true,6.0,4.19628858566284,-43.4753341674805,-0.00000000003022,64.1529235839844,-8.92479419708252,0.00000000078796,534.355773925781,-72.8397369384766,0.91807228326797,1.06807231903076,0.0
0.1,5.22377777777778,471,0.81333333333333,true,6.0,5.11093139648438,-43.6025581359863,-0.00000000001996,73.238639831543,-10.1838226318359,0.00000000054802,444.858001708984,-60.3089485168457,0.91983926296234,1.07032585144043,0.00000047683716
0.11666666666667,5.23444444444444,472,0.64,true,6.0,5.88030910491943,-43.7095489501953,-0.00000000001889,76.6045913696289,-10.6496515274048,0.0000000003173,375.336578369141,-50.6172752380371,0.91607129573822,1.07193505764008,0.0
0.13333333333333,5.24222222222222,472,0.46666666666667,true,6.0,6.46675968170166,-43.7910842895508,-0.00000000001889,76.6045913696289,-10.6496515274048,0.00000000014561,326.654724121094,-43.8563041687012,0.90752607584,1.07302486896515,0.0
0.15,5.24777777777778,473,0.33333333333333,true,6.0,6.89536666870117,-43.8506698608398,-0.0000000000205,79.2563095092773,-11.0164022445679,0.00000000002414,293.461334228516,-39.2494888305664,0.89766472578049,1.07376277446747,0.0
0.16666666666667,5.25244444444444,473,0.28,true,6.0,7.26083612442017,-43.9014701843262,-0.0000000000205,79.2563095092773,-11.0164022445679,-0.00000000007724,266.463317871094,-35.5043334960938,0.88687467575073,1.07435786724091,0.0
0.18333333333333,5.25711111111111,474,0.28,true,6.0,7.62979984283447,-43.9527587890625,-0.00000000002503,81.2690734863281,-11.2945575714111,-0.00000000018167,240.413803100586,-31.8912620544434,0.87355470657349,1.07493102550507,0.0
0.2,5.26177777777778,474,0.28,true,6.0,8.00575065612793,-44.0050086975098,-0.00000000002503,81.2690734863281,-11.2945575714111,-0.00000000029219,216.261337280273,-28.5423564910889,0.85765022039413,1.07548320293427,0.0
0.21666666666667,5.26644444444444,474,0.28,true,6.0,8.38170146942139,-44.057258605957,-0.00000000002503,81.2690734863281,-11.2945575714111,-0.00000000040271,192.108871459961,-25.1934509277344,0.83915662765503,1.07601523399353,0.0
0.23333333333333,5.27111111111111,475,0.28,true,6.0,8.76502799987793,-44.1105270385742,-0.00000000003274,82.7273864746094,-11.4955282211304,-0.0000000005224,170.998519897461,-22.2553310394287,0.81815189123154,1.07599604129791,0.00000047683716
0.25,5.27577777777778,475,0.28,true,6.0,9.14872360229492,-44.1638488769531,-0.00000000003274,82.7273864746094,-11.4955282211304,-0.00000000064255,150.040267944336,-19.3377494812012,0.79475665092468,1.07418239116669,0.0
0.26666666666667,5.28044444444444,476,0.28,true,6.0,9.53550910949707,-44.2175903320312,-0.00000000004242,83.716796875,-11.6298828125,-0.00000000073657,130.929870605469,-16.6484508514404,0.76913911104202,1.06942403316498,0.0
0.28333333333333,5.28511111111111,476,0.28,true,6.0,9.92461204528809,-44.2716522216797,-0.00000000004242,83.716796875,-11.6298828125,-0.000000000811,113.205352783203,-14.1303644180298,0.74150860309601,1.0607842206955,0.0
0.3,5.28977777777778,477,0.28,true,6.0,10.3143720626831,-44.325798034668,-0.000000000049,84.3151016235352,-11.7054004669189,-0.00000000084889,96.0409698486328,-11.6682872772217,0.71209341287613,1.04753172397614,0.0
0.31666666666667,5.29444444444444,477,0.28,true,6.0,10.7069263458252,-44.3803100585938,-0.000000000049,84.3151016235352,-11.7054004669189,-0.00000000073151,81.2571792602539,-9.44425106048584,0.68115711212158,1.02916526794434,0.0
0.33333333333333,5.29911111111111,477,0.28,true,6.0,11.099479675293,-44.4348258972168,-0.000000000049,84.3151016235352,-11.7054004669189,-0.00000000061413,66.473388671875,-7.22021484375,0.64896583557129,1.00538206100464,0.0
0.35,5.30377777777778,478,0.28,true,6.0,11.493501663208,-44.4894943237305,-0.00000000004045,84.584846496582,-11.7252159118652,-0.00000000012892,53.6034965515137,-5.09210109710693,0.61579698324203,0.97608035802841,0.0
0.36666666666667,5.30844444444444,478,0.28,true,6.0,11.8878698348999,-44.5441970825195,-0.00000000004045,84.584846496582,-11.7252159118652,0.00000000044284,41.1839332580566,-2.98655772209167,0.58192402124405,0.94133496284485,0.0
0.38333333333333,5.31311111111111,479,0.28,true,6.0,12.2824153900146,-44.5988655090332,0.00000000000329,84.5697402954102,-11.6846027374268,0.00000000133967,29.4724521636963,-0.80444639921188,0.5476062297821,0.90137153863907,0.0
0.4,5.31777777777778,479,0.28,true,6.0,12.6771984100342,-44.6534843444824,0.00000000000329,84.5697402954102,-11.6846027374268,0.00000000266994,18.7050819396973,1.47975540161133,0.51308792829514,0.85654765367508,0.0
0.41666666666667,5.32244444444444,480,0.28,true,6.0,13.0719604492188,-44.7081031799316,0.00000000000329,84.4607315063477,-11.6846027374268,0.00000000385813,8.28141784667969,3.58208203315735,0.47860184311867,0.80733817815781,0.0
0.43333333333333,5.32711583090738,480,0.28028318777591,true,6.0,13.466700553894,-44.7626838684082,0.00000000000329,84.4607315063477,-11.6846027374268,0.00000000220297,4.72831010818481,2.04535126686096,0.4445333480835,0.75447756052017,0.0
0.45,5.33180123097389,480,0.28112400399087,true,6.0,13.862624168396,-44.8174247741699,0.00000000000329,84.4607315063477,-11.6846027374268,0.00000000054285,1.16454327106476,0.50401067733765,0.41125580668449,0.69875085353851,0.0
0.46666666666667,5.33650971977349,481,0.28250932797573,false,6.0,14.2601528167725,-44.8724403381348,0.00000000000329,84.3517227172852,-11.6846027374268,0.0,-0.0007905960083,0.0,0.37660080194473,0.63845032453537,0.14997382462025
0.48333333333333,5.34125015375784,481,0.28442603906133,false,6.0,14.660210609436,-44.9278259277344,0.00000000000329,84.3517227172852,-11.6846027374268,0.0,-0.0007905960083,0.0,0.34339687228203,0.57690805196762,0.34564933180809
0.5,5.34603117070082,482,0.28686101657851,false,6.0,15.0635194778442,-44.9836883544922,0.00000000000329,84.2427139282227,-11.6846027374268,0.0,-0.0007905960083,0.0,0.31187346577644,0.51489806175232,0.57360565662384
0.51666666666667,5.35086118969845,482,0.28980113985813,false,6.0,15.4706115722656,-45.0401229858398,0.00000000000329,84.2427139282227,-11.6846027374268,0.0,-0.0007905960083,0.0,0.28223314881325,0.45320269465446,0.86620402336121
0.53333333333333,5.35574841116897,483,0.29323328823103,false,6.0,15.8825025558472,-45.097225189209,0.00000000000329,84.1337051391602,-11.6846027374268,0.0,-0.0007905960083,0.0,0.25465354323387,0.39260670542717,1.16470789909363
0.55,5.36070081685277,483,0.29714434102806,false,6.0,16.2993698120117,-45.155086517334,0.00000000000329,84.1337051391602,-11.6846027374268,0.0,-0.0007905960083,0.0,0.22928799688816,0.33388969302177,1.52996528148651
0.56666666666667,5.36572616981244,483,0.30152117758006,false,6.0,16.722375869751,-45.2138023376465,0.00000000000329,84.1337051391602,-11.6846027374268,0.0,-0.0007905960083,0.0,0.20626586675644,0.27781626582146,1.9004955291748
0.58333333333333,5.37083201443274,484,0.30635067721787,false,6.0,17.151704788208,-45.2734603881836,0.00000000000329,84.0246963500977,-11.6846027374268,0.0,-0.0007905960083,0.0,0.18569147586823,0.22512413561344,2.30380439758301
0.6,5.37602567642061,484,0.31161971927235,false,6.0,17.5883140563965,-45.3341445922852,0.00000000000329,84.0246963500977,-11.6846027374268,0.0,-0.0007905960083,0.0,0.16764298081398,0.17651000618935,2.72013878822327
0.61666666666667,5.38131426280518,485,0.31731518307434,false,6.0,18.0325164794922,-45.3959350585938,0.00000000000329,83.9156875610352,-11.6846027374268,0.0,-0.0007905960083,0.0,0.15217058360577,0.13261349499226,3.14789390563965
0.63333333333333,5.38670466193776,485,0.32342394795468,false,6.0,18.4850749969482,-45.4589157104492,0.00000000000329,83.9156875610352,-11.6846027374268,0.0,-0.0007905960083,0.0,0.13929463922977,0.09399960935116,3.58573985099792
0.65,5.39220354349183,486,0.32993289324422,false,6.0,18.9463806152344,-45.5231628417969,0.00000000000329,83.8066787719727,-11.6846027374268,0.0,-0.0007905960083,0.0,0.12900368869305,0.06114030629396,4.03226566314697
0.66666666666667,5.39781735846306,486,0.33682889827381,false,6.0,19.417085647583,-45.5887565612793,0.00000000000329,83.8066787719727,-11.6846027374268,0.0,-0.0007905960083,0.0,0.12102362513542,0.03385603800416,4.48800611495972
0.68333333333333,5.4035523391693,487,0.34409884237429,false,6.0,19.8975620269775,-45.65576171875,0.00000000000329,83.6976699829102,-11.6846027374268,0.0,-0.0007905960083,0.0,0.11550104618073,0.01292537618428,4.95344829559326
0.7,5.40941449925057,487,0.35172960487652,false,6.0,20.3884506225586,-45.7242546081543,0.00000000000329,83.6976699829102,-11.6846027374268,0.0,-0.0007905960083,0.0,0.11232782900333,-0.00157158623915,5.42908096313477
0.71666666666667,5.4154096336691,488,0.35970806511132,false,6.0,20.890007019043,-45.794303894043,0.00000000000329,83.5886611938477,-11.6846027374268,0.0,-0.0007905960083,0.0,0.11136058717966,-0.00970525573939,5.91536855697632
0.73333333333333,5.42154331870925,488,0.36802110240956,false,6.0,21.4029655456543,-45.8659706115723,0.00000000000329,83.5886611938477,-11.6846027374268,0.0,-0.0007905960083,0.0,0.1124214977026,-0.01170314848423,6.41277647018433
0.75,5.42782091197762,489,0.37665559610207,false,6.0,21.9273471832275,-45.9393157958984,0.00000000000329,83.4796524047852,-11.6846027374268,0.0,-0.0007905960083,0.0,0.11530034989119,-0.00795088615268,6.92173385620117
0.76666666666667,5.43424755240295,490,0.3855984255197,false,6.0,22.4640026092529,-46.014404296875,0.00000000000329,83.3706436157227,-11.6846027374268,0.0,-0.0007905960083,0.0,0.11975767463446,0.00101320457179,7.44265651702881
0.78333333333333,5.44082816023617,490,0.3948364699933,false,6.0,23.0129013061523,-46.0912933349609,0.00000000000329,83.3706436157227,-11.6846027374268,0.0,-0.0007905960083,0.0,0.12552924454212,0.01451069954783,7.97595977783203
0.8,5.4475674370504,491,0.40435660885372,false,6.0,23.5746936798096,-46.1700325012207,0.00000000000329,83.2616348266602,-11.6846027374268,0.0,-0.0007905960083,0.0,0.13233165442944,0.03174310177565,8.5238094329834
0.81666666666667,5.45446986574093,491,0.41414572143179,false,6.0,24.1496849060059,-46.2506828308105,0.00000000000329,83.2616348266602,-11.6846027374268,0.0,-0.0007905960083,0.0,0.13986925780773,0.05181897804141,9.08695697784424
0.83333333333333,5.46153971052524,492,0.42419068705837,false,6.0,24.7379684448242,-46.3332862854004,0.00000000000329,83.1526260375977,-11.6846027374268,0.0,-0.0007905960083,0.0,0.1478418558836,0.07378731667995,9.68142414093018
0.85,5.46878101694298,493,0.43447838506431,false,6.0,25.3401660919189,-46.4178924560547,0.00000000000329,83.0436172485352,-11.6846027374268,0.0,-0.0007905960083,0.0,0.15595330297947,0.09667600691319,10.3038539886475
0.86666666666667,5.47619761185598,493,0.44499569478043,false,6.0,25.956371307373,-46.5045471191406,0.00000000000329,83.0436172485352,-11.6846027374268,0.0,-0.0007905960083,0.0,0.16392037272453,0.11953303217888,10.9675416946411
0.88333333333333,5.48379310344828,494,0.45572949553761,false,6.0,26.5867824554443,-46.5932922363281,0.00000000000329,82.9346084594727,-11.6846027374268,0.0,-0.0007905960083,0.0,0.17148174345493,0.14146827161312,11.6835975646973
0.9,5.49157088122605,495,0.46666666666667,false,6.0,27.2318553924561,-46.6841697692871,0.00000000000329,82.8255996704102,-11.6846027374268,0.0,-0.0007905960083,0.0,0.17840644717216,0.16169306635857,12.4468421936035
0.91666666666667,5.49953411601769,495,0.47779408749846,false,6.0,27.8917407989502,-46.7772102355957,0.00000000000329,82.8255996704102,-11.6846027374268,0.0,-0.0007905960083,0.0,0.18450143933296,0.17955467104912,13.269063949585
0.93333333333333,5.50768575997376,496,0.48909863736384,false,6.0,28.5664005279541,-46.8724555969238,0.00000000000329,82.7165908813477,-11.6846027374268,0.0,-0.0007905960083,0.0,0.18961794674397,0.19456309080124,14.1676626205444
0.95,5.51602854656699,497,0.50056719559364,false,6.0,29.2562923431396,-46.9699325561523,0.00000000000329,82.6075820922852,-11.6846027374268,0.0,-0.0007905960083,0.0,0.19370873272419,0.20653547346592,15.1356086730957
0.96666666666667,5.5245649905923,498,0.51218664151872,false,6.0,29.9615612030029,-47.0696716308594,0.00000000000329,82.4985733032227,-11.6846027374268,0.0,-0.0007905960083,0.0,0.19667176902294,0.21519611775875,16.1814231872559
0.98333333333333,5.5332973881668,498,0.52394385446991,false,6.0,30.6823272705078,-47.1716995239258,0.00000000000329,82.4985733032227,-11.6846027374268,0.0,-0.0007905960083,0.0,0.19850608706474,0.22060780227184,17.3109397888184
1.0,5.54222781672976,499,0.53582571377807,false,6.0,31.4184703826904,-47.2760429382324,0.00000000000329,82.3895645141602,-11.6846027374268,0.0,-0.0007905960083,0.0,0.19925902783871,0.22299273312092,18.5267391204834
1.01666666666667,5.55135813504266,500,0.54781909877404,false,6.0,32.1703338623047,-47.3827209472656,0.00000000000329,82.2805557250977,-11.6846027374268,0.0,-0.0007905960083,0.0,0.19902168214321,0.22270466387272,19.81960105896
1.03333333333333,5.56068998318914,501,0.55991088878866,false,6.0,32.9379844665527,-47.4917526245117,0.00000000000329,82.1715469360352,-11.6846027374268,0.0,-0.0007905960083,0.0,0.19792188704014,0.22019432485104,21.1854496002197
1.05,5.57022478257502,502,0.57208796315279,false,6.0,33.7214736938477,-47.603157043457,0.00000000000329,82.0625381469727,-11.6846027374268,0.0,-0.0007905960083,0.0,0.19611567258835,0.21597094833851,22.6185073852539
1.06666666666667,5.57996373592831,503,0.58433720119726,false,6.0,34.5208396911621,-47.7169456481934,0.00000000000329,81.9535293579102,-11.6846027374268,0.0,-0.0007905960083,0.0,0.19377727806568,0.21056340634823,24.1137752532959
1.08333333333333,5.58990782729919,504,0.59664548225293,false,6.0,35.3360862731934,-47.8331336975098,0.00000000000329,81.8445205688477,-11.6846027374268,0.0,-0.0007905960083,0.0,0.1910884976387,0.20448416471481,25.667594909668
1.1,5.60005782206004,505,0.60899968565064,false,6.0,36.1672172546387,-47.9517250061035,0.00000000000329,81.7355117797852,-11.6846027374268,0.0,-0.0007905960083,0.0,0.18822810053825,0.19819875061512,27.2769355773926
1.11666666666667,5.61041426690539,505,0.62138669072123,false,6.0,37.0141334533691,-48.0727310180664,0.00000000000329,81.7355117797852,-11.6846027374268,0.0,-0.0007905960083,0.0,0.18536196649075,0.19210274517536,28.9392433166504
1.13333333333333,5.62097748985198,506,0.63379337679555,false,6.0,37.8768768310547,-48.1961517333984,0.00000000000329,81.6265029907227,-11.6846027374268,0.0,-0.0007905960083,0.0,0.18263466656208,0.18650723993778,30.6512870788574
1.15,5.63174760023872,507,0.64620662320445,false,6.0,38.7554054260254,-48.3219871520996,0.00000000000329,81.5174942016602,-11.6846027374268,0.0,-0.0007905960083,0.0,0.18016281723976,0.18163301050663,32.3981513977051
1.16666666666667,5.6427244887267,508,0.65861330927877,false,6.0,39.6496391296387,-48.4502410888672,0.00000000000329,81.4084854125977,-11.6846027374268,0.0,-0.0007905960083,0.0,0.17803098261356,0.17761224508286,34.1519622802734
1.18333333333333,5.65390782729919,509,0.67100031434937,false,6.0,40.5594825744629,-48.5809059143066,0.00000000000329,81.2994766235352,-11.6846027374268,0.0,-0.0007905960083,0.0,0.17628012597561,0.17447905242443,35.8771438598633
1.2,5.66529706926164,510,0.68335451774707,false,6.0,41.4848251342773,-48.7139778137207,0.00000000000329,81.1904678344727,-11.6846027374268,0.0,-0.0007905960083,0.0,0.17493823170662,0.17224076390266,37.5368919372559
1.21666666666667,5.67689144924169,511,0.69566279880274,false,6.0,42.4255409240723,-48.8494453430176,0.00000000000329,81.0814590454102,-11.6846027374268,0.0,-0.0007905960083,0.0,0.1739941239357,0.17082327604294,39.1015777587891
1.23333333333333,5.68868998318914,512,0.70791203684721,false,6.0,43.3814735412598,-48.9873008728027,0.00000000000329,80.9724502563477,-11.6846027374268,0.0,-0.0007905960083,0.0,0.17341187596321,0.17011569440365,40.5568885803223
1.25,5.700691468376,514,0.72008911121134,false,6.0,44.3523902893066,-49.1275253295898,0.00000000000329,80.7544326782227,-11.6846027374268,0.0,-0.0007905960083,0.0,0.17313696444035,0.16998536884785,41.9008255004883
1.26666666666667,5.71289448339643,515,0.73218090122596,false,6.0,45.3381423950195,-49.2701034545898,0.00000000000329,80.6454238891602,-11.6846027374268,0.0,-0.0007905960083,0.0,0.1731032282114,0.17029075324535,43.1702690124512
1.28333333333333,5.7252973881668,516,0.74417428622193,false,6.0,46.338550567627,-49.4150199890137,0.00000000000329,80.5364151000977,-11.6846027374268,0.0,-0.0007905960083,0.0,0.1732399314642,0.17089210450649,44.416576385498
1.3,5.73789832392563,517,0.75605614553009,false,6.0,47.3534049987793,-49.5622482299805,0.00000000000329,80.4274063110352,-11.6846027374268,0.0,-0.0007905960083,0.0,0.17347812652588,0.17165963351727,45.6938705444336
1.31666666666667,5.75069521323365,518,0.76781335848128,false,6.0,48.3824653625488,-49.7117652893066,0.00000000000329,80.3183975219727,-11.6846027374268,0.0,-0.0007905960083,0.0,0.17375607788563,0.17247973382473,47.0420112609863
1.33333333333333,5.76368575997376,519,0.77943280440636,false,6.0,49.4254913330078,-49.8635482788086,0.00000000000329,80.2093887329102,-11.6846027374268,0.0,-0.0007905960083,0.0,0.17402312159538,0.17325928807259,48.4707336425781
1.35,5.77686744935103,520,0.79090136263616,false,6.0,50.4822120666504,-50.0175628662109,0.00000000000329,80.1003799438477,-11.6846027374268,0.0,-0.0007905960083,0.0,0.17424201965332,0.17392826080322,49.9773712158203
1.36666666666667,5.79023754789272,522,0.80220591250154,false,6.0,51.5522041320801,-50.1737785339355,0.00000000000329,79.8823623657227,-11.6846027374268,0.0,-0.0007905960083,0.0,0.17438966035843,0.17444078624249,51.4958000183105
1.38333333333333,5.80379310344828,523,0.81333333333333,false,6.0,52.6351928710938,-50.332160949707,0.00000000000329,79.7733535766602,-11.6846027374268,0.0,-0.0007905960083,0.0,0.17445626854897,0.17477460205555,52.5214042663574
1.4,5.81753094518932,524,0.82427050446239,false,6.0,53.7309684753418,-50.4926719665527,0.00000000000329,79.6643447875977,-11.6846027374268,0.0,-0.0007905960083,0.0,0.17444352805614,0.17492897808552,53.4273262023926
1.41666666666667,5.83144768360964,525,0.83500430521957,false,6.0,54.8391990661621,-50.6552734375,0.00000000000329,79.5553359985352,-11.6846027374268,0.0,-0.0007905960083,0.0,0.17436324059963,0.17492391169071,54.3556365966797
1.43333333333333,5.84553971052524,527,0.84552161493569,false,6.0,55.9594230651855,-50.8199272155762,0.00000000000329,79.3373184204102,-11.6846027374268,0.0,-0.0007905960083,0.0,0.17422983050346,0.17478670179844,55.3120231628418
1.45,5.85980319907426,528,0.85580931294163,false,6.0,57.0911712646484,-50.9865798950195,0.00000000000329,79.2283096313477,-11.6846027374268,0.0,-0.0007905960083,0.0,0.17406184971333,0.17455545067787,56.2960395812988
1.46666666666667,5.87423410371707,529,0.86585427856821,false,6.0,58.2342720031738,-51.1551895141602,0.00000000000329,79.1193008422852,-11.6846027374268,0.0,-0.0007905960083,0.0,0.17387782037258,0.17427031695843,57.3071250915527
1.48333333333333,5.88882816023617,530,0.87564339114628,false,6.0,59.3883361816406,-51.3257064819336,0.00000000000329,79.0102920532227,-11.6846027374268,0.0,-0.0007905960083,0.0,0.17369423806667,0.17396877706051,58.3447074890137
1.5,5.90358088573628,532,0.8851635300067,false,6.0,60.552562713623,-51.4980773925781,0.00000000000329,78.7922744750977,-11.6846027374268,0.0,-0.0007905960083,0.0,0.17352406680584,0.17368188500404,59.4081535339355
1.51666666666667,5.91848757864429,533,0.8944015744803,false,6.0,61.7268981933594,-51.6722450256348,0.00000000000329,78.6832656860352,-11.6846027374268,0.0,-0.0007905960083,0.0,0.17337612807751,0.17343211174011,60.4968109130859
1.53333333333333,5.93354331870925,535,0.90334440389793,false,6.0,62.9108924865723,-51.8481559753418,0.00000000000329,78.4652481079102,-11.6846027374268,0.0,-0.0007905960083,0.0,0.17325501143932,0.17323246598244,61.6082801818848
1.55,5.94874296700243,536,0.91197889759044,false,6.0,64.1036911010742,-52.025749206543,0.00000000000329,78.3562393188477,-11.6846027374268,0.0,-0.0007905960083,0.0,0.17316152155399,0.17308707535267,62.7069816589355
1.56666666666667,5.96408116591724,537,0.92029193488868,false,6.0,65.3052368164062,-52.2049598693848,0.00000000000329,78.2472305297852,-11.6846027374268,0.0,-0.0007905960083,0.0,0.17309357225895,0.17299282550812,63.7497673034668
1.58333333333333,5.9795523391693,539,0.92827039512348,false,6.0,66.5148468017578,-52.3857231140137,0.00000000000329,78.0292129516602,-11.6846027374268,0.0,-0.0007905960083,0.0,0.17304709553719,0.17294150590897,64.6912536621094
1.6,5.99515069179639,540,0.93590115762571,false,6.0,67.7319259643555,-52.5679740905762,0.00000000000329,77.9202041625977,-11.6846027374268,0.0,-0.0007905960083,0.0,0.17301703989506,0.1729222536087,65.5098190307617
1.61666666666667,6.0108702101585,541,0.94317110172619,false,6.0,68.9562530517578,-52.7516403198242,0.00000000000329,77.8111953735352,-11.6846027374268,0.0,-0.0007905960083,0.0,0.17299823462963,0.17292357981205,66.2314224243164
1.63333333333333,6.02670466193776,543,0.95006710675578,false,6.0,70.1868057250977,-52.9366493225098,0.00000000000329,77.5931777954102,-11.6846027374268,0.0,-0.0007905960083,0.0,0.17298604547977,0.17293514311314,66.8738174438477
1.65,6.04264759613851,544,0.95657605204532,false,6.0,71.4235153198242,-53.1229248046875,0.00000000000329,77.4841690063477,-11.6846027374268,0.0,-0.0007905960083,0.0,0.17297676205635,0.17294880747795,67.4948654174805
1.66666666666667,6.05869234308728,546,0.96268481692566,false,6.0,72.6654815673828,-53.3103942871094,0.00000000000329,77.2661514282227,-11.6846027374268,0.0,-0.0007905960083,0.0,0.17296780645847,0.17295899987221,68.1192779541016
1.68333333333333,6.07483201443274,547,0.96838028072765,false,6.0,73.9123077392578,-53.498966217041,0.00000000000329,77.1571426391602,-11.6846027374268,0.0,-0.0007905960083,0.0,0.17295764386654,0.17296276986599,68.7508773803711
1.7,6.09105950314577,549,0.97364932278213,false,6.0,75.1633453369141,-53.6885681152344,0.00000000000329,76.9391250610352,-11.6846027374268,0.0,-0.0007905960083,0.0,0.17294575273991,0.17295931279659,69.3893585205078
1.71666666666667,6.10736748351944,550,0.97847882241994,false,6.0,76.4179382324219,-53.8791122436523,0.00000000000329,76.8301162719727,-11.6846027374268,0.0,-0.0007905960083,0.0,0.1729322373867,0.17294938862324,70.0344009399414
1.73333333333333,6.12374841116897,552,0.98285565897194,false,6.0,77.6756134033203,-54.0705070495605,0.00000000000329,76.6120986938477,-11.6846027374268,0.0,-0.0007905960083,0.0,0.17291767895222,0.17293468117714,70.685661315918
1.75,6.14019452303179,553,0.98676671176897,false,6.0,78.9355087280273,-54.2626609802246,0.00000000000329,76.5030899047852,-11.6846027374268,0.0,-0.0007905960083,0.0,0.17290283739567,0.17291721701622,71.3427886962891
1.76666666666667,6.15669783736748,555,0.99019886014187,false,6.0,80.1972808837891,-54.4554862976074,0.00000000000329,76.2850723266602,-11.6846027374268,0.0,-0.0007905960083,0.0,0.17288845777512,0.17289897799492,72.0020980834961
1.78333333333333,6.17325015375784,556,0.99313898342149,false,6.0,81.4599304199219,-54.6488800048828,0.00000000000329,76.1760635375977,-11.6846027374268,0.0,-0.0007905960083,0.0,0.17287516593933,0.17288154363632,72.6474151611328
1.8,6.18984305310682,558,0.99557396093867,false,6.0,82.7231750488281,-54.8427505493164,0.00000000000329,75.9580459594727,-11.6846027374268,0.0,-0.0007905960083,0.0,0.17286339402199,0.17286603152752,73.2696838378906
1.81666666666667,6.20646789764056,559,0.99749067202427,false,6.0,83.9859313964844,-55.036994934082,0.00000000000329,75.8490371704102,-11.6846027374268,0.0,-0.0007905960083,0.0,0.17285332083702,0.17285303771496,73.8644866943359
1.83333333333333,6.22311583090738,561,0.99887599600913,false,6.0,85.2479400634766,-55.2315101623535,0.00000000000329,75.6310195922852,-11.6846027374268,0.0,-0.0007905960083,0.0,0.17284496128559,0.17284272611141,74.443717956543
1.85,6.23977777777778,562,0.99971681222409,false,6.0,86.5080718994141,-55.4261894226074,0.00000000000329,75.5220108032227,-11.6846027374268,0.0,-0.0007905960083,0.0,0.17283819615841,0.17283490300179,75.0163726806641
1.86666666666667,6.25644444444444,564,1.0,false,6.0,87.7660522460938,-55.620922088623,0.00000000000329,75.3039932250977,-11.6846027374268,0.0,-0.0007905960083,0.0,0.1728327870369,0.17282919585705,75.5897064208984
1.88333333333333,6.27311111111111,565,1.0,false,6.0,89.0210952758789,-55.8156547546387,0.00000000000329,75.1949844360352,-11.6846027374268,0.0,-0.0007905960083,0.0,0.17282848060131,0.17282512784004,76.1638717651367
1.9,6.28977777777778,567,1.0,false,6.0,90.2736282348633,-56.0103874206543,0.00000000000329,74.9769668579102,-11.6846027374268,0.0,-0.0007905960083,0.0,0.17282499372959,0.17282220721245,76.738410949707
1.91666666666667,6.30644444444444,568,1.0,false,6.0,91.5232238769531,-56.2051200866699,0.00000000000329,74.8679580688477,-11.6846027374268,0.0,-0.0007905960083,0.0,0.17282211780548,0.17282003164291,77.3133392333984
1.93333333333333,6.32311111111111,570,1.0,false,6.0,92.7703018188477,-56.3998527526855,0.00000000000329,74.6499404907227,-11.6846027374268,0.0,-0.0007905960083,0.0,0.17281965911388,0.17281825840473,77.8886184692383
1.95,6.33977777777778,571,1.0,false,6.0,94.0144424438477,-56.5945854187012,0.00000000000329,74.5409317016602,-11.6846027374268,0.0,-0.0007905960083,0.0,0.17281748354435,0.17281664907932,78.4642715454102
1.96666666666667,6.35644444444445,573,1.0,false,6.0,95.2560729980469,-56.7893180847168,0.00000000000329,74.3229141235352,-11.6846027374268,0.0,-0.0007905960083,0.0,0.17281551659107,0.17281509935856,79.0403137207031
1.98333333333333,6.37311111111111,574,1.0,false,6.0,96.494758605957,-56.9840507507324,0.00000000000329,74.2139053344727,-11.6846027374268,0.0,-0.0007905960083,0.0,0.17281369864941,0.17281354963779,79.6213531494141
2.0,6.38977777777778,576,1.0,false,6.0,97.7309417724609,-57.178783416748,0.00000000000329,73.9958877563477,-11.6846027374268,0.0,-0.0007905960083,0.0,0.17281201481819,0.17281197011471,80.2303695678711
2.01666666666667,6.40644444444445,577,1.0,false,6.0,98.9641799926758,-57.3735160827637,0.00000000000329,73.8868789672852,-11.6846027374268,0.0,-0.0007905960083,0.0,0.17281046509743,0.17281042039394,80.9098205566406
2.03333333333333,6.42311111111111,579,1.0,false,6.0,100.19490814209,-57.5682487487793,0.00000000000329,73.6688613891602,-11.6846027374268,0.0,-0.0007905960083,0.0,0.17280903458595,0.17280891537666,81.6757583618164
2.05,6.43977777777778,580,1.0,false,6.0,101.422698974609,-57.7629814147949,0.00000000000329,73.5598526000977,-11.6846027374268,0.0,-0.0007905960083,0.0,0.17280775308609,0.17280752956867,82.5490798950195
2.06666666666667,6.45644444444445,582,1.0,false,6.0,102.647972106934,-57.9577140808105,0.00000000000329,73.3418350219727,-11.6846027374268,0.0,-0.0007905960083,0.0,0.17280662059784,0.17280626296997,83.4995803833008
2.08333333333333,6.47311111111111,583,1.0,false,6.0,103.870315551758,-58.1524467468262,0.00000000000329,73.2328262329102,-11.6846027374268,0.0,-0.0007905960083,0.0,0.17280562222004,0.17280514538288,84.5012893676758
2.1,6.48977777777778,585,1.0,false,6.0,105.090133666992,-58.3471794128418,0.00000000000329,73.0148086547852,-11.6846027374268,0.0,-0.0007905960083,0.0,0.17280475795269,0.17280419170856,85.5144500732422
2.11666666666667,6.50644444444444,586,1.0,false,6.0,106.307029724121,-58.5419120788574,0.00000000000329,72.9057998657227,-11.6846027374268,0.0,-0.0007905960083,0.0,0.17280401289463,0.17280340194702,86.531364440918
2.13333333333333,6.52311111111111,588,1.0,false,6.0,107.52140045166,-58.736644744873,0.00000000000329,72.6877822875977,-11.6846027374268,0.0,-0.0007905960083,0.0,0.1728033721447,0.17280273139477,87.5517425537109
2.15,6.53977777777778,589,1.0,false,6.0,108.732849121094,-58.9313774108887,0.00000000000329,72.5787734985352,-11.6846027374268,0.0,-0.0007905960083,0.0,0.1728028357029,0.1728021800518,88.5754699707031
2.16666666666667,6.55644444444445,591,1.0,false,6.0,109.941764831543,-59.1261100769043,0.00000000000329,72.3607559204102,-11.6846027374268,0.0,-0.0007905960083,0.0,0.1728023737669,0.17280173301697,89.6024017333984
2.18333333333333,6.57311111111111,592,1.0,false,6.0,111.147766113281,-59.3208427429199,0.00000000000329,72.2517471313477,-11.6846027374268,0.0,-0.0007905960083,0.0,0.17280198633671,0.17280136048794,90.6325836181641
2.2,6.58977777777778,594,1.0,false,6.0,112.351226806641,-59.5155754089355,0.00000000000329,72.0337295532227,-11.6846027374268,0.0,-0.0007905960083,0.0,0.17280164361,0.17280103266239,91.6753005981445
2.21666666666667,6.60644444444445,595,1.0,false,6.0,113.551780700684,-59.7103080749512,0.00000000000329,71.9247207641602,-11.6846027374268,0.0,-0.0007905960083,0.0,0.17280134558678,0.17280076444149,92.7762680053711
2.23333333333333,6.62311111111111,597,1.0,false,6.0,114.749794006348,-59.9050407409668,0.00000000000329,71.7067031860352,-11.6846027374268,0.0,-0.0007905960083,0.0,0.17280107736588,0.17280052602291,93.9694061279297
2.25,6.63977777777778,598,1.0,false,6.0,115.944892883301,-60.0997734069824,0.00000000000329,71.5976943969727,-11.6846027374268,0.0,-0.0007905960083,0.0,0.17280085384846,0.17280030250549,95.2940063476562
2.26666666666667,6.65644444444445,600,1.0,false,6.0,117.13745880127,-60.294506072998,0.00000000000329,71.3796768188477,-11.6846027374268,0.0,-0.0007905960083,0.0,0.1728006452322,0.1728001087904,96.7284317016602
2.28333333333333,6.67311111111111,601,1.0,false,6.0,118.327095031738,-60.4892387390137,0.00000000000329,71.2706680297852,-11.6846027374268,0.0,-0.0007905960083,0.0,0.17280046641827,0.17279992997646,98.2586822509766
2.3,6.68977777777778,603,1.0,false,6.0,119.514221191406,-60.6839714050293,0.00000000000329,71.0526504516602,-11.6846027374268,0.0,-0.0007905960083,0.0,0.17280030250549,0.17279976606369,99.8311004638672
2.31666666666667,6.70644444444445,604,1.0,false,6.0,120.698402404785,-60.8787040710449,0.00000000000329,70.9436416625977,-11.6846027374268,0.0,-0.0007905960083,0.0,0.17280016839504,0.17279961705208,101.414764404297
2.33333333333333,6.72311111111111,606,1.0,false,6.0,121.880081176758,-61.0734367370605,0.00000000000329,70.7256240844727,-11.6846027374268,0.0,-0.0007905960083,0.0,0.17280003428459,0.17279948294163,102.999824523926
2.35,6.73977777777778,607,1.0,false,6.0,123.058815002441,-61.2681694030762,0.00000000000329,70.6166152954102,-11.6846027374268,0.0,-0.0007905960083,0.0,0.17279992997646,0.1727993786335,104.58618927002
2.36666666666667,6.75644444444444,609,1.0,false,6.0,124.235038757324,-61.4629020690918,0.00000000000329,70.3985977172852,-11.6846027374268,0.0,-0.0007905960083,0.0,0.17279982566833,0.17279927432537,106.173820495605
2.38333333333333,6.77311111111111,610,1.0,false,6.0,125.408325195312,-61.6576347351074,0.00000000000329,70.2895889282227,-11.6846027374268,0.0,-0.0007905960083,0.0,0.17279975116253,0.1727991849184,107.762733459473
2.4,6.78977777777778,612,1.0,false,6.0,126.5791015625,-61.852367401123,0.00000000000329,70.0715713500977,-11.6846027374268,0.0,-0.0007905960083,0.0,0.17279967665672,0.1727991104126,109.358924865723
2.41666666666667,6.80644444444444,613,1.0,false,6.0,127.746925354004,-62.0471000671387,0.00000000000329,69.9625625610352,-11.6846027374268,0.0,-0.0007905960083,0.0,0.17279960215092,0.17279905080795,110.988128662109
2.43333333333333,6.82311111111111,615,1.0,false,6.0,128.912216186523,-62.2418327331543,0.00000000000329,69.7445449829102,-11.6846027374268,0.0,-0.0007905960083,0.0,0.17279955744743,0.17279899120331,112.666069030762
2.45,6.83977777777778,616,1.0,false,6.0,130.074630737305,-62.4365653991699,0.00000000000329,69.6355361938477,-11.6846027374268,0.0,-0.0007905960083,0.0,0.17279949784279,0.17279894649982,114.409133911133
2.46666666666667,6.85644444444445,618,1.0,false,6.0,131.234512329102,-62.6312980651855,0.00000000000329,69.4175186157227,-11.6846027374268,0.0,-0.0007905960083,0.0,0.17279946804047,0.17279890179634,116.202850341797
2.48333333333333,6.87311111111111,619,1.0,false,6.0,132.391448974609,-62.8260307312012,0.00000000000329,69.3085098266602,-11.6846027374268,0.0,-0.0007905960083,0.0,0.17279942333698,0.17279887199402,118.038642883301
2.5,6.88977777777778,621,1.0,false,6.0,133.545837402344,-63.0207633972168,0.00000000000329,69.0904922485352,-11.6846027374268,0.0,-0.0007905960083,0.0,0.17279939353466,0.1727988421917,119.892967224121
2.51666666666667,6.90644444444445,622,1.0,false,6.0,134.697341918945,-63.2154960632324,0.00000000000329,68.9814834594727,-11.6846027374268,0.0,-0.0007905960083,0.0,0.17279936373234,0.17279881238937,121.753784179688
2.53333333333333,6.92311111111111,624,1.0,false,6.0,135.846328735352,-63.410228729248,0.00000000000329,68.7634658813477,-11.6846027374268,0.0,-0.0007905960083,0.0,0.17279933393002,0.17279878258705,123.61491394043
2.55,6.93977777777778,625,1.0,false,6.0,136.992370605469,-63.6049613952637,0.00000000000329,68.6544570922852,-11.6846027374268,0.0,-0.0007905960083,0.0,0.17279931902885,0.17279876768589,125.476119995117
2.56666666666667,6.95644444444445,627,1.0,false,6.0,138.135864257812,-63.7996940612793,0.00000000000329,68.4364395141602,-11.6846027374268,0.0,-0.0007905960083,0.0,0.17279930412769,0.17279873788357,127.337432861328
2.58333333333333,6.97311111111111,628,1.0,false,6.0,139.276443481445,-63.9944267272949,0.00000000000329,68.3274307250977,-11.6846027374268,0.0,-0.0007905960083,0.0,0.17279928922653,0.17279872298241,129.198455810547
2.6,6.98977777777778,630,1.0,false,6.0,140.414535522461,-64.1891555786133,0.00000000000329,68.1094131469727,-11.6846027374268,0.0,-0.0007905960083,0.0,0.17279927432537,0.17279870808125,131.056289672852
2.61666666666667,7.00644444444444,631,1.0,false,6.0,141.549682617188,-64.3838882446289,0.00000000000329,68.0004043579102,-11.6846027374268,0.0,-0.0007905960083,0.0,0.17279925942421,0.17279869318008,132.901931762695
2.63333333333333,7.02311111111111,633,1.0,false,6.0,142.682281494141,-64.5786209106445,0.00000000000329,67.7823867797852,-11.6846027374268,0.0,-0.0007905960083,0.0,0.17279924452305,0.17279869318008,134.727783203125
2.65,7.03977777777778,634,1.0,false,6.0,143.811950683594,-64.7733535766602,0.00000000000329,67.6733779907227,-11.6846027374268,0.0,-0.0007905960083,0.0,0.17279922962189,0.17279867827892,136.522598266602
2.66666666666667,7.05644444444445,636,1.0,false,6.0,144.93913269043,-64.9680862426758,0.00000000000329,67.4553604125977,-11.6846027374268,0.0,-0.0007905960083,0.0,0.17279922962189,0.17279866337776,138.289886474609
2.68333333333333,7.07311111111111,637,1.0,false,6.0,146.063385009766,-65.1628189086914,0.00000000000329,67.3463516235352,-11.6846027374268,0.0,-0.0007905960083,0.0,0.17279921472073,0.17279866337776,140.031860351562
2.7,7.08977777777778,639,1.0,false,6.0,147.185089111328,-65.357551574707,0.00000000000329,67.1283340454102,-11.6846027374268,0.0,-0.0007905960083,0.0,0.17279921472073,0.1727986484766,141.763336181641
2.71666666666667,7.10644444444445,640,1.0,false,6.0,148.303833007812,-65.5522842407227,0.00000000000329,67.0193252563477,-11.6846027374268,0.0,-0.0007905960083,0.0,0.17279919981956,0.1727986484766,143.493423461914
2.73333333333333,7.12311111111111,642,1.0,false,6.0,149.420120239258,-65.7470169067383,0.00000000000329,66.8013076782227,-11.6846027374268,0.0,-0.0007905960083,0.0,0.17279919981956,0.1727986484766,145.22607421875
2.75,7.13977777777778,643,1.0,false,6.0,150.533477783203,-65.9417495727539,0.00000000000329,66.6922988891602,-11.6846027374268,0.0,-0.0007905960083,0.0,0.17279919981956,0.17279863357544,146.955718994141
2.76666666666667,7.15644444444445,645,1.0,false,6.0,151.644287109375,-66.1364822387695,0.00000000000329,66.4742813110352,-11.6846027374268,0.0,-0.0007905960083,0.0,0.17279919981956,0.17279863357544,148.666793823242
2.78333333333333,7.17311111111111,646,1.0,false,6.0,152.752136230469,-66.3312149047852,0.00000000000329,66.3652725219727,-11.6846027374268,0.0,-0.0007905960083,0.0,0.1727991849184,0.17279863357544,150.328979492188
2.8,7.18977777777778,648,1.0,false,6.0,153.857513427734,-66.5259475708008,0.00000000000329,66.1472549438477,-11.6846027374268,0.0,-0.0007905960083,0.0,0.1727991849184,0.17279863357544,151.926330566406
2.81666666666667,7.20644444444445,649,1.0,false,6.0,154.9599609375,-66.7206802368164,0.00000000000329,66.0382461547852,-11.6846027374268,0.0,-0.0007905960083,0.0,0.1727991849184,0.17279863357544,153.431838989258
2.83333333333333,7.22311111111111,651,1.0,false,6.0,156.05989074707,-66.915412902832,0.00000000000329,65.8202285766602,-11.6846027374268,0.0,-0.0007905960083,0.0,0.1727991849184,0.17279861867428,154.858352661133
2.85,7.23977777777778,652,1.0,false,6.0,157.156845092773,-67.1101455688477,0.00000000000329,65.7112197875977,-11.6846027374268,0.0,-0.0007905960083,0.0,0.1727991849184,0.17279861867428,156.208038330078
2.86666666666667,7.25644444444444,654,1.0,false,6.0,158.25129699707,-67.3048782348633,0.00000000000329,65.4932022094727,-11.6846027374268,0.0,-0.0007905960083,0.0,0.1727991849184,0.17279861867428,157.515167236328
2.88333333333333,7.27311111111111,655,1.0,false,6.0,159.342849731445,-67.4996109008789,0.00000000000329,65.3841934204102,-11.6846027374268,0.0,-0.0007905960083,0.0,0.17279917001724,0.17279861867428,158.797882080078
2.9,7.28977777777778,657,1.0,false,6.0,160.431884765625,-67.6943435668945,0.00000000000329,65.1661758422852,-11.6846027374268,0.0,-0.0007905960083,0.0,0.17279917001724,0.17279861867428,160.07048034668
2.91666666666667,7.30644444444445,658,1.0,false,6.0,161.517944335938,-67.8890762329102,0.00000000000329,65.0571670532227,-11.6846027374268,0.0,-0.0007905960083,0.0,0.17279917001724,0.17279861867428,161.238662719727
2.93333333333333,7.32311111111111,660,1.0,false,6.0,162.601486206055,-68.0838088989258,0.00000000000329,64.8391494750977,-11.6846027374268,0.0,-0.0007905960083,0.0,0.17279917001724,0.17279861867428,162.380249023438
2.95,7.33977777777778,661,1.0,false,6.0,163.68212890625,-68.2785415649414,0.00000000000329,64.7301406860352,-11.6846027374268,0.0,-0.0007905960083,0.0,0.17279917001724,0.17279861867428,163.523666381836
2.96666666666667,7.35644444444445,663,1.0,false,6.0,164.76025390625,-68.473274230957,0.00000000000329,64.5121231079102,-11.6846027374268,0.0,-0.0007905960083,0.0,0.17279917001724,0.17279861867428,164.664993286133
2.98333333333333,7.37311111111111,664,1.0,false,6.0,165.835433959961,-68.6680068969727,0.00000000000329,64.4031143188477,-11.6846027374268,0.0,-0.0007905960083,0.0,0.17279917001724,0.17279861867428,165.798431396484
3.0,7.38977777777778,666,1.0,false,6.0,166.908065795898,-68.8627395629883,0.00000000000329,64.1850967407227,-11.6846027374268,0.0,-0.0007905960083,0.0,0.17279917001724,0.17279861867428,166.901489257812
3.01666666666667,7.40644444444445,667,1.0,false,6.0,167.977813720703,-69.0574722290039,0.00000000000329,64.0760879516602,-11.6846027374268,0.0,-0.0007905960083,0.0,0.17279917001724,0.17279861867428,167.936996459961
3.03333333333333,7.42311111111111,669,1.0,false,6.0,169.045043945312,-69.2522048950195,0.00000000000329,63.8580932617188,-11.6846027374268,0.0,-0.00004901886132,0.0,0.17279924452305,0.17279867827892,168.895095825195
3.05,7.43977777777778,670,1.0,false,6.0,170.109329223633,-69.4469375610352,0.00000000000329,63.7490997314453,-11.6846027374268,0.0,0.00058269500732,0.0,0.17279945313931,0.17279893159866,169.758193969727
3.06666666666667,7.45644444444445,672,1.0,false,6.0,171.17106628418,-69.6416702270508,0.00000000000329,63.5311126708984,-11.6846027374268,0.0,0.00058269500732,0.0,0.17279976606369,0.17279933393002,170.551544189453
3.08333333333333,7.47311111111111,673,1.0,false,6.0,172.229888916016,-69.8364028930664,0.00000000000329,63.422119140625,-11.6846027374268,0.0,0.00058269500732,0.0,0.17280009388924,0.1727998405695,171.289459228516
3.1,7.48977777777778,675,1.0,false,6.0,173.286224365234,-70.031135559082,0.00000000000329,63.2041320800781,-11.6846027374268,0.0,0.00058269500732,0.0,0.1728003770113,0.17280036211014,172.005996704102
3.11666666666667,7.50644444444444,676,1.0,false,6.0,174.339614868164,-70.2258682250977,0.00000000000329,63.0951385498047,-11.6846027374268,0.0,0.00058269500732,0.0,0.17280061542988,0.1728008389473,172.71842956543
3.13333333333333,7.52311111111111,678,1.0,false,6.0,175.39045715332,-70.4206008911133,0.00000000000329,62.8771514892578,-11.6846027374268,0.0,0.00058269500732,0.0,0.17280076444149,0.17280122637749,173.432922363281
