case,tick,x,y,z,vx,vy,vz,ground,support,balance,slipx,slipy,slipz,contactx,contacty,contactz,deaths
rail_jump_release,0,5.22454500198,13.9710865021,-132.971221924,1.37500023842,3.32000899315,0,0,0,0,0,0,0,0,0,0,0
rail_jump_release,1,5.23982286453,14.0072183609,-132.971221924,1.37500023842,3.21100878716,0,0,0,0,0,0,0,0,0,0,0
rail_jump_release,2,5.25510072708,14.0421390533,-132.971221924,1.37500023842,3.10200858116,0,0,0,0,0,0,0,0,0,0,0
rail_jump_release,3,5.27037858963,14.0758495331,-132.971221924,1.37500023842,2.99300837517,0,0,0,0,0,0,0,0,0,0,0
rail_jump_release,4,5.28565645218,14.1083478928,-132.971221924,1.37500023842,2.88400816917,0,0,0,0,0,0,0,0,0,0,0
rail_jump_release,5,5.30093431473,14.1396360397,-132.971221924,1.37500023842,2.77500796318,0,0,0,0,0,0,0,0,0,0,0
rail_jump_release,6,5.31621217728,14.1697120667,-132.971221924,1.37500023842,2.66600775719,0,0,0,0,0,0,0,0,0,0,0
rail_jump_release,7,5.33149003983,14.1985778809,-132.971221924,1.37500023842,2.55700755119,0,0,0,0,0,0,0,0,0,0,0
rail_jump_release,8,5.34676790237,14.226231575,-132.971221924,1.37500023842,2.4480073452,0,0,0,0,0,0,0,0,0,0,0
rail_jump_release,9,5.36204576492,14.2526750565,-132.971221924,1.37500023842,2.33900713921,0,0,0,0,0,0,0,0,0,0,0
rail_jump_release,10,5.37732362747,14.2779064178,-132.971221924,1.37500023842,2.23000693321,0,0,0,0,0,0,0,0,0,0,0
rail_jump_release,11,5.39260149002,14.3019275665,-132.971221924,1.37500023842,2.12100672722,0,0,0,0,0,0,0,0,0,0,0
rail_jump_release,12,5.40787935257,14.3247375488,-132.971221924,1.37500023842,2.01200652122,0,0,0,0,0,0,0,0,0,0,0
rail_jump_release,13,5.42315721512,14.3463363647,-132.971221924,1.37500023842,1.90300631523,0,0,0,0,0,0,0,0,0,0,0
rail_jump_release,14,5.43843507767,14.3667240143,-132.971221924,1.37500023842,1.79400610924,0,0,0,0,0,0,0,0,0,0,0
rail_jump_release,15,5.45371294022,14.3859004974,-132.971221924,1.37500023842,1.68500590324,0,0,0,0,0,0,0,0,0,0,0
rail_jump_release,16,5.46899080276,14.4038658142,-132.971221924,1.37500023842,1.57600569725,0,0,0,0,0,0,0,0,0,0,0
rail_jump_release,17,5.48426866531,14.4206199646,-132.971221924,1.37500023842,1.46700549126,0,0,0,0,0,0,0,0,0,0,0
rail_jump_release,18,5.49954652786,14.4361629486,-132.971221924,1.37500023842,1.35800528526,0,0,0,0,0,0,0,0,0,0,0
rail_jump_release,19,5.51482439041,14.4504947662,-132.971221924,1.37500023842,1.24900507927,0,0,0,0,0,0,0,0,0,0,0
rail_jump_release,20,5.53010225296,14.4636163712,-132.971221924,1.37500023842,1.14000487328,0,0,0,0,0,0,0,0,0,0,0
rail_jump_release,21,5.54538011551,14.475525856,-132.971221924,1.37500023842,1.03100466728,0,0,0,0,0,0,0,0,0,0,0
rail_jump_release,22,5.56065797806,14.4862251282,-132.971221924,1.37500023842,0.922004640102,0,0,0,0,0,0,0,0,0,0,0
rail_jump_release,23,5.57593584061,14.4957122803,-132.971221924,1.37500023842,0.813004672527,0,0,0,0,0,0,0,0,0,0,0
rail_jump_release,24,5.59121370316,14.5039892197,-132.971221924,1.37500023842,0.704004704952,0,0,0,0,0,0,0,0,0,0,0
rail_jump_release,25,5.6064915657,14.511054039,-132.971221924,1.37500023842,0.595004737377,0,0,0,0,0,0,0,0,0,0,0
rail_jump_release,26,5.62176942825,14.5169086456,-132.971221924,1.37500023842,0.486004769802,0,0,0,0,0,0,0,0,0,0,0
rail_jump_release,27,5.6370472908,14.5215511322,-132.971221924,1.37500023842,0.377004802227,0,0,0,0,0,0,0,0,0,0,0
rail_jump_release,28,5.65232515335,14.5249834061,-132.971221924,1.37500023842,0.268004834652,0,0,0,0,0,0,0,0,0,0,0
rail_jump_release,29,5.6676030159,14.5272045135,-132.971221924,1.37500023842,0.159004807472,0,0,0,0,0,0,0,0,0,0,0
rail_jump_release,30,5.68288087845,14.5282144547,-132.971221924,1.37500023842,0.0500048026443,0,0,0,0,0,0,0,0,0,0,0
rail_jump_release,31,5.698158741,14.5280132294,-132.971221924,1.37500023842,-0.0589952021837,0,0,0,0,0,0,0,0,0,0,0
rail_jump_release,32,5.71343660355,14.5266008377,-132.971221924,1.37500023842,-0.167995214462,0,0,0,0,0,0,0,0,0,0,0
rail_jump_release,33,5.72871446609,14.5239772797,-132.971221924,1.37500023842,-0.276995241642,0,0,0,0,0,0,0,0,0,0,0
rail_jump_release,34,5.74399232864,14.5201425552,-132.971221924,1.37500023842,-0.385995209217,0,0,0,0,0,0,0,0,0,0,0
rail_jump_release,35,5.75927019119,14.5150966644,-132.971221924,1.37500023842,-0.494995176792,0,0,0,0,0,0,0,0,0,0,0
rail_jump_release,36,5.77454805374,14.5088396072,-132.971221924,1.37500023842,-0.603995144367,0,0,0,0,0,0,0,0,0,0,0
rail_jump_release,37,5.78982591629,14.5013713837,-132.971221924,1.37500023842,-0.712995111942,0,0,0,0,0,0,0,0,0,0,0
rail_jump_release,38,5.80510377884,14.4926929474,-132.971221924,1.37500023842,-0.821995079517,0,0,0,0,0,0,0,0,0,0,0
rail_jump_release,39,5.82038164139,14.4828023911,-132.971221924,1.37500023842,-0.930995047092,0,0,0,0,0,0,0,0,0,0,0
rail_jump_release,40,5.83565950394,14.471701622,-132.971221924,1.37500023842,-1.03999507427,0,0,0,0,0,0,0,0,0,0,0
rail_jump_release,41,5.85093736649,14.4593887329,-132.971221924,1.37500023842,-1.14899528027,0,0,0,0,0,0,0,0,0,0,0
rail_jump_release,42,5.86621522903,14.4458656311,-132.971221924,1.37500023842,-1.25799548626,0,0,0,0,0,0,0,0,0,0,0
rail_jump_release,43,5.88149309158,14.4311304092,-132.971221924,1.37500023842,-1.36699569225,0,0,0,0,0,0,0,0,0,0,0
rail_jump_release,44,5.89677095413,14.4151849747,-132.971221924,1.37500023842,-1.47599589825,0,0,0,0,0,0,0,0,0,0,0
rail_jump_release,45,5.91204881668,14.39802742,-132.971221924,1.37500023842,-1.58499610424,0,0,0,0,0,0,0,0,0,0,0
rail_jump_release,46,5.92732667923,14.3796596527,-132.971221924,1.37500023842,-1.69399631023,0,0,0,0,0,0,0,0,0,0,0
rail_jump_release,47,5.94260454178,14.360080719,-132.971221924,1.37500023842,-1.80299651623,0,0,0,0,0,0,0,0,0,0,0
rail_jump_release,48,5.95788240433,14.3392906189,-132.971221924,1.37500023842,-1.91199672222,0,0,0,0,0,0,0,0,0,0,0
rail_jump_release,49,5.97316026688,14.3172893524,-132.971221924,1.37500023842,-2.02099680901,0,0,0,0,0,0,0,0,0,0,0
rail_jump_release,50,5.98843812943,14.2940769196,-132.971221924,1.37500023842,-2.129997015,0,0,0,0,0,0,0,0,0,0,0
rail_jump_release,51,6.00371599197,14.2696533203,-132.971221924,1.37500023842,-2.23899722099,0,0,0,0,0,0,0,0,0,0,0
rail_jump_release,52,6.01899385452,14.2440185547,-132.971221924,1.37500023842,-2.34799742699,0,0,0,0,0,0,0,0,0,0,0
rail_jump_release,53,6.03427171707,14.2171726227,-132.971221924,1.37500023842,-2.45699763298,0,0,0,0,0,0,0,0,0,0,0
rail_jump_release,54,6.04954957962,14.1891155243,-132.971221924,1.37500023842,-2.56599783897,0,0,0,0,0,0,0,0,0,0,0
rail_jump_release,55,6.06482744217,14.1598482132,-132.971221924,1.37500023842,-2.67499804497,0,0,0,0,0,0,0,0,0,0,0
rail_jump_release,56,6.08010530472,14.129368782,-132.971221924,1.37500023842,-2.78399825096,0,0,0,0,0,0,0,0,0,0,0
rail_jump_release,57,6.09538316727,14.0976791382,-132.971221924,1.37500023842,-2.89299845695,0,0,0,0,0,0,0,0,0,0,0
rail_jump_release,58,6.11066102982,14.0647773743,-132.971221924,1.37500023842,-3.00199866295,0,0,0,0,0,0,0,0,0,0,0
rail_jump_release,59,6.12593889236,14.0306653976,-132.971221924,1.37500023842,-3.11099886894,0,0,0,0,0,0,0,0,0,0,0
rail_jump_release,60,6.14121675491,13.995341301,-132.971221924,1.37500023842,-3.21999907494,0,0,0,0,0,0,0,0,0,0,0
rail_jump_release,61,6.15649461746,13.9588069916,-132.971221924,1.37500023842,-3.32899928093,0,0,0,0,0,0,0,0,0,0,0
rail_jump_release,62,6.17177248001,13.9210605621,-132.971221924,1.37500023842,-3.43799948692,0,0,0,0,0,0,0,0,0,0,0
rail_jump_release,63,6.18705034256,13.88210392,-132.971221924,1.37500023842,-3.54699969292,0,0,0,0,0,0,0,0,0,0,0
rail_jump_release,64,6.20232820511,13.8419351578,-132.971221924,1.37500023842,-3.65599989891,0,0,0,0,0,0,0,0,0,0,0
rail_jump_release,65,6.21760606766,13.8005561829,-132.971221924,1.37500023842,-3.7650001049,0,0,0,0,0,0,0,0,0,0,0
rail_jump_release,66,6.23288393021,13.7579660416,-132.971221924,1.37500023842,-3.8740003109,0,0,0,0,0,0,0,0,0,0,0
rail_jump_release,67,6.24816179276,13.7141647339,-132.971221924,1.37500023842,-3.98300051689,0,0,0,0,0,0,0,0,0,0,0
rail_jump_release,68,6.2634396553,13.6691522598,-132.971221924,1.37500023842,-4.09200000763,0,0,0,0,0,0,0,0,0,0,0
rail_jump_release,69,6.27871751785,13.6229286194,-132.971221924,1.37500023842,-4.20099925995,0,0,0,0,0,0,0,0,0,0,0
rail_jump_release,70,6.2939953804,13.5754938126,-132.971221924,1.37500023842,-4.30999851227,0,0,0,0,0,0,0,0,0,0,0
rail_jump_release,71,6.30927324295,13.5268478394,-132.971221924,1.37500023842,-4.41899776459,0,0,0,0,0,0,0,0,0,0,0
rail_jump_release,72,6.3245511055,13.4769906998,-132.971221924,1.37500023842,-4.52799701691,0,0,0,0,0,0,0,0,0,0,0
rail_jump_release,73,6.33982896805,13.4259233475,-132.971221924,1.37500023842,-4.63699626923,0,0,0,0,0,0,0,0,0,0,0
rail_jump_release,74,6.3551068306,13.3736438751,-132.971221924,1.37500023842,-4.74599552155,0,0,0,0,0,0,0,0,0,0,0
rail_jump_release,75,6.37038469315,13.3201541901,-132.971221924,1.37500023842,-4.85499477386,0,0,0,0,0,0,0,0,0,0,0
rail_jump_release,76,6.38566255569,13.2654523849,-132.971221924,1.37500023842,-4.96399402618,0,0,0,0,0,0,0,0,0,0,0
rail_jump_release,77,6.40094041824,13.2095403671,-132.971221924,1.37500023842,-5.0729932785,0,0,0,0,0,0,0,0,0,0,0
rail_jump_release,78,6.41621828079,13.1524162292,-132.971221924,1.37500023842,-5.18199253082,0,0,0,0,0,0,0,0,0,0,0
rail_jump_release,79,6.43149614334,13.0940818787,-132.971221924,1.37500023842,-5.29099178314,0,0,0,0,0,0,0,0,0,0,0
rail_jump_release,80,6.44677400589,13.034535408,-132.971221924,1.37500023842,-5.39999103546,0,0,0,0,0,0,0,0,0,0,0
rail_jump_release,81,6.46205186844,12.9888544083,-132.970108032,1.37498688698,-0.0815930366516,0.401433080435,1,51,0,1.37498676777,-0.0299707148224,0.405251294374,6.45823335648,12.0898914337,-132.997055054,0
rail_jump_release,82,6.47673988342,12.9884958267,-132.965774536,1.29011130333,-0.0331922955811,0.380756795406,1,51,1,1.29011130333,-0.0292925480753,0.381056576967,6.46205186844,12.0898828506,-132.996932983,0
rail_jump_release,83,6.49052143097,12.9881181717,-132.961715698,1.21047484875,-0.0347910225391,0.358569175005,1,51,1,1.21047484875,-0.0316151529551,0.358848959208,6.47673940659,12.0898456573,-132.996490479,0
rail_jump_release,84,6.50345230103,12.9877214432,-132.957901001,1.13575410843,-0.0358423218131,0.337661623955,1,51,1,1.13575410843,-0.034185256809,0.337829291821,6.49383115768,12.08979702,-132.99597168,0
rail_jump_release,85,6.51558494568,12.9873113632,-132.954269409,1.06564569473,-0.0371083468199,0.317618787289,1,51,1,1.06564569473,-0.0367695614696,0.317658007145,6.51262521744,12.0897350311,-132.995407104,0
rail_jump_release,86,6.52696847916,12.9868955612,-132.950881958,0.999865055084,-0.0372320190072,0.298334300518,1,51,1,0.999865055084,-0.0372320190072,0.298334300518,6.52418994904,12.0896921158,-132.995040894,0
rail_jump_release,87,6.5376496315,12.9864768982,-132.947692871,0.938144743443,-0.0380195528269,0.280089229345,1,51,1,0.938144743443,-0.0361855216324,0.280325978994,6.52970266342,12.0896711349,-132.994873047,0
rail_jump_release,88,6.54767131805,12.9860620499,-132.944702148,0.880234360695,-0.03724424541,0.263573437929,1,51,1,0.880234360695,-0.0357001647353,0.263782411814,6.53765010834,12.08963871,-132.994628906,0
rail_jump_release,89,6.55707406998,12.9856452942,-132.941879272,0.82589918375,-0.0372857898474,0.248112738132,1,51,1,0.82589918375,-0.0360356345773,0.248294174671,6.55007886887,12.0895853043,-132.994247437,0
rail_jump_release,90,6.56589651108,12.9852371216,-132.939239502,0.774917721748,-0.0364233925939,0.233456492424,1,51,1,0.774917721748,-0.0364233925939,0.233456492424,6.56374406815,12.0895223618,-132.993835449,0
rail_jump_release,91,6.57417488098,12.9848356247,-132.936737061,0.727083325386,-0.0360213927925,0.219199419022,1,51,1,0.727083325386,-0.0356869287789,0.219253852963,6.57215452194,12.0894804001,-132.99357605,0
rail_jump_release,92,6.58194160461,12.9844436646,-132.934402466,0.682201504707,-0.034826233983,0.205922484398,1,51,1,0.682201504707,-0.034826233983,0.205922484398,6.58004617691,12.0894403458,-132.993331909,0
rail_jump_release,93,6.5892291069,12.9840621948,-132.9322052,0.640090048313,-0.034195445478,0.193345203996,1,51,1,0.640090048313,-0.0338623337448,0.193403527141,6.58745098114,12.0894012451,-132.993103027,0
rail_jump_release,94,6.59606695175,12.9836902618,-132.930130005,0.600578486919,-0.0334989279509,0.181532129645,1,51,1,0.600578486919,-0.0325855202973,0.181695953012,6.59270381927,12.0893716812,-132.992935181,0
rail_jump_release,95,6.60248327255,12.9833297729,-132.92817688,0.563506066799,-0.0324410833418,0.170641124249,1,51,1,0.563506066799,-0.0311183240265,0.170882001519,6.59606647491,12.0893526077,-132.992828369,0
rail_jump_release,96,6.60850286484,12.9829816818,-132.926345825,0.528721630573,-0.0313962474465,0.160679608583,1,51,1,0.528721630573,-0.0301484651864,0.160913407803,6.60248422623,12.0893163681,-132.992630005,0
rail_jump_release,97,6.61415052414,12.9826478958,-132.924621582,0.496084630489,-0.0296549834311,0.151429831982,1,51,1,0.496084630489,-0.0291410479695,0.151528671384,6.60850334167,12.0892801285,-132.992446899,0
rail_jump_release,98,6.61945009232,12.9823236465,-132.92300415,0.465462386608,-0.0285653732717,0.142602816224,1,51,1,0.465462386608,-0.0282642804086,0.142662465572,6.61550617218,12.0892372131,-132.992233276,0
rail_jump_release,99,6.6244225502,12.982011795,-132.921478271,0.43672978878,-0.0277758426964,0.13411283493,1,51,1,0.43672978878,-0.0273123010993,0.134207174182,6.62197637558,12.0891971588,-132.992019653,0
rail_jump_release,100,6.62908792496,12.9817152023,-132.920043945,0.409771233797,-0.0263036340475,0.12615300715,1,51,1,0.409771233797,-0.0259461198002,0.126226499677,6.62442207336,12.0891809464,-132.991943359,0
rail_jump_release,101,6.63346529007,12.9814300537,-132.918685913,0.38447663188,-0.0252198558301,0.11880940944,1,51,1,0.38447663188,-0.0251144152135,0.118831694126,6.63131141663,12.0891361237,-132.991729736,0
rail_jump_release,102,6.63757228851,12.9811563492,-132.917419434,0.360743463039,-0.0241086706519,0.111709587276,1,51,1,0.360743463039,-0.0239222235978,0.111749500036,6.63451576233,12.0891141891,-132.991622925,0
rail_jump_release,103,6.64142608643,12.9808959961,-132.916229248,0.338475108147,-0.0230377558619,0.105123654008,1,51,1,0.338475108147,-0.0230377558619,0.105123654008,6.64048624039,12.0890731812,-132.991439819,0
rail_jump_release,104,6.64504146576,12.9806461334,-132.915100098,0.317581266165,-0.0219458471984,0.0987268686295,1,51,1,0.317581266165,-0.0219458471984,0.0987268686295,6.64415884018,12.0890474319,-132.991317749,0
rail_jump_release,105,6.6484336853,12.9804105759,-132.914047241,0.297977417707,-0.0208835359663,0.092722132802,1,51,1,0.297977417707,-0.0207581073046,0.0927502065897,6.64590883255,12.0890350342,-132.991256714,0
rail_jump_release,106,6.65161657333,12.9801807404,-132.91305542,0.279583573341,-0.0198899582028,0.0872268825769,1,51,1,0.279583573341,-0.0197769515216,0.087252497673,6.64924860001,12.0890102386,-132.991165161,0
rail_jump_release,107,6.65460300446,12.9799661636,-132.912124634,0.262325286865,-0.0189261380583,0.0820601284504,1,51,1,0.262325286865,-0.018826847896,0.0820829048753,6.65238189697,12.0889873505,-132.99105835,0
rail_jump_release,108,6.65740537643,12.979763031,-132.911254883,0.246132582426,-0.0179951190948,0.0772002264857,1,51,1,0.246132582426,-0.0179081447423,0.0772203952074,6.65532016754,12.0889663696,-132.990966797,0
rail_jump_release,109,6.66003465652,12.9795694351,-132.910430908,0.230939224362,-0.0170996505767,0.0726286619902,1,51,1,0.230939224362,-0.0170197393745,0.0726473852992,6.6580786705,12.0889453888,-132.990875244,0
rail_jump_release,110,6.66250181198,12.979385376,-132.90965271,0.216684132814,-0.0162380021065,0.0683318078518,1,51,1,0.216684132814,-0.0161673817784,0.0683485120535,6.6606669426,12.0889263153,-132.99079895,0
rail_jump_release,111,6.66481637955,12.9792108536,-132.908920288,0.203308105469,-0.0154089406133,0.0642916858196,1,51,1,0.203308105469,-0.0153468847275,0.0643064975739,6.66309452057,12.0889072418,-132.990707397,0
rail_jump_release,112,6.6669883728,12.9790449142,-132.908233643,0.190758228302,-0.0146169187501,0.0604929625988,1,51,1,0.190758228302,-0.0145632717758,0.060505874455,6.66537237167,12.0888900757,-132.990646362,0
rail_jump_release,113,6.66902637482,12.9788885117,-132.907577515,0.178983092308,-0.0138594508171,0.0569168552756,1,51,1,0.178983092308,-0.0138093521819,0.0569290071726,6.66750955582,12.0888729095,-132.990570068,0
rail_jump_release,114,6.67093801498,12.9787397385,-132.906967163,0.167934656143,-0.0131330257282,0.0535561852157,1,51,1,0.167934656143,-0.0130894826725,0.0535668246448,6.66951608658,12.0888566971,-132.990509033,0
rail_jump_release,115,6.67273187637,12.9785985947,-132.906402588,0.157568395138,-0.0124156530946,0.0503787659109,1,51,1,0.157568395138,-0.0124156521633,0.0503787659109,6.67184972763,12.0888385773,-132.990432739,0
rail_jump_release,116,6.67441511154,12.9784650803,-132.905853271,0.147841989994,-0.0117215197533,0.0473401546478,1,51,1,0.147841989994,-0.0117215206847,0.0473401546478,6.673163414,12.0888280869,-132.990386963,0
rail_jump_release,117,6.67599439621,12.9783391953,-132.90536499,0.138715922832,-0.0111233741045,0.0445315949619,1,51,1,0.138715922832,-0.0110801560804,0.0445423461497,6.67441558838,12.0888175964,-132.990341187,0
rail_jump_release,118,6.6774764061,12.978219986,-132.904876709,0.130153238773,-0.0105145694688,0.0419217720628,1,51,1,0.130153238773,-0.0105145704001,0.0419217720628,6.67674779892,12.0887985229,-132.990264893,0
rail_jump_release,119,6.67836809158,12.9781274796,-132.904510498,0.0502972081304,-0.00698188319802,0.0277273226529,1,51,0,0.0502972081304,-0.00698188366368,0.0277273226529,6.67778205872,12.0887889862,-132.990234375,0
rail_jump_release,120,6.67857789993,12.9780950546,-132.904388428,5.30071986304e-09,-0.000416289170971,0.00165323237889,1,51,0,5.30072030713e-09,-0.000416288734414,0.0016532324953,6.67778205872,12.0887889862,-132.990234375,0
rail_jump_release,121,6.67857789993,12.9780931473,-132.904388428,4.93557195114e-10,-2.48216092587e-05,9.85735096037e-05,1,51,0,4.93557805736e-10,-2.48211254075e-05,9.8573633295e-05,6.67778205872,12.0887889862,-132.990234375,0
rail_jump_release,122,6.67857789993,12.9780931473,-132.904388428,2.94164692605e-11,-1.47894024849e-06,5.87897375226e-06,1,51,0,2.94148073954e-11,-1.48025901581e-06,5.87864178669e-06,6.67778205872,12.0887889862,-132.990234375,0
rail_jump_release,123,6.67857789993,12.9780931473,-132.904388428,1.75859327101e-12,-8.94069671631e-08,3.51574271917e-07,1,51,0,1.75963605666e-12,-8.8579866997e-08,3.51782546204e-07,6.67778205872,12.0887889862,-132.990234375,0
rail_jump_release,124,6.67857789993,12.9780931473,-132.904388428,1.03151929815e-13,-6.44530917526e-09,2.02698497986e-08,1,51,0,1.04742251114e-13,-5.18398080018e-09,2.05874552961e-08,6.67778205872,12.0887889862,-132.990234375,0
rail_jump_release,125,6.67857789993,12.9780931473,-132.904388428,3.5527136788e-15,0,3.25962901115e-09,1,51,0,2.57954778482e-15,-7.71845365399e-10,3.065276033e-09,6.67778205872,12.0887889862,-132.990234375,0
rail_jump_release,126,6.67857789993,12.9780931473,-132.904388428,-1.7763568394e-14,0,1.39698386192e-09,1,51,0,-1.81806389469e-14,-3.30790894676e-10,1.31368971257e-09,6.67778205872,12.0887889862,-132.990234375,0
rail_jump_release,127,6.67857789993,12.9780931473,-132.904388428,-1.07813733188e-14,8.57373505525e-10,1.61623114892e-09,1,51,0,-1.22804488407e-14,-3.31585953139e-10,1.31684774196e-09,6.67778205872,12.0887889862,-132.990234375,0
rail_jump_release,128,6.67857789993,12.9780931473,-132.904388428,-3.6759459612e-15,8.57373505525e-10,1.61623114892e-09,1,51,0,-5.17502190663e-15,-3.31585953139e-10,1.31684774196e-09,6.67778205872,12.0887889862,-132.990234375,0
rail_jump_release,129,6.67857789993,12.9780931473,-132.904388428,3.4294813964e-15,8.57373505525e-10,1.61623114892e-09,1,51,0,1.93040545097e-15,-3.31585953139e-10,1.31684774196e-09,6.67778205872,12.0887889862,-132.990234375,0
rail_jump_release,130,6.67857789993,12.9780931473,-132.904388428,-1.78868015234e-14,8.57373505525e-10,1.61623114892e-09,1,51,0,-1.93858770454e-14,-3.31585953139e-10,1.31684774196e-09,6.67778205872,12.0887889862,-132.990234375,0
rail_jump_release,131,6.67857789993,12.9780931473,-132.904388428,-1.07813733188e-14,8.57373505525e-10,1.61623114892e-09,1,51,0,-1.22804488407e-14,-3.31585953139e-10,1.31684774196e-09,6.67778205872,12.0887889862,-132.990234375,0
rail_jump_release,132,6.67857789993,12.9780931473,-132.904388428,-3.6759459612e-15,8.57373505525e-10,1.61623114892e-09,1,51,0,-5.17502190663e-15,-3.31585953139e-10,1.31684774196e-09,6.67778205872,12.0887889862,-132.990234375,0
rail_jump_release,133,6.67857789993,12.9780931473,-132.904388428,3.4294813964e-15,8.57373505525e-10,1.61623114892e-09,1,51,0,1.93040545097e-15,-3.31585953139e-10,1.31684774196e-09,6.67778205872,12.0887889862,-132.990234375,0
rail_jump_release,134,6.67857789993,12.9780931473,-132.904388428,-1.78868015234e-14,8.57373505525e-10,1.61623114892e-09,1,51,0,-1.93858770454e-14,-3.31585953139e-10,1.31684774196e-09,6.67778205872,12.0887889862,-132.990234375,0
rail_jump_release,135,6.67857789993,12.9780931473,-132.904388428,-1.07813733188e-14,8.57373505525e-10,1.61623114892e-09,1,51,0,-1.22804488407e-14,-3.31585953139e-10,1.31684774196e-09,6.67778205872,12.0887889862,-132.990234375,0
rail_jump_release,136,6.67857789993,12.9780931473,-132.904388428,-3.6759459612e-15,8.57373505525e-10,1.61623114892e-09,1,51,0,-5.17502190663e-15,-3.31585953139e-10,1.31684774196e-09,6.67778205872,12.0887889862,-132.990234375,0
rail_jump_release,137,6.67857789993,12.9780931473,-132.904388428,3.4294813964e-15,8.57373505525e-10,1.61623114892e-09,1,51,0,1.93040545097e-15,-3.31585953139e-10,1.31684774196e-09,6.67778205872,12.0887889862,-132.990234375,0
rail_jump_release,138,6.67857789993,12.9780931473,-132.904388428,-1.78868015234e-14,8.57373505525e-10,1.61623114892e-09,1,51,0,-1.93858770454e-14,-3.31585953139e-10,1.31684774196e-09,6.67778205872,12.0887889862,-132.990234375,0
rail_jump_release,139,6.67857789993,12.9780931473,-132.904388428,-1.07813733188e-14,8.57373505525e-10,1.61623114892e-09,1,51,0,-1.22804488407e-14,-3.31585953139e-10,1.31684774196e-09,6.67778205872,12.0887889862,-132.990234375,0
rail_jump_release,140,6.67857789993,12.9780931473,-132.904388428,-3.6759459612e-15,8.57373505525e-10,1.61623114892e-09,1,51,0,-5.17502190663e-15,-3.31585953139e-10,1.31684774196e-09,6.67778205872,12.0887889862,-132.990234375,0
rail_jump_release,141,6.67857789993,12.9780931473,-132.904388428,3.4294813964e-15,8.57373505525e-10,1.61623114892e-09,1,51,0,1.93040545097e-15,-3.31585953139e-10,1.31684774196e-09,6.67778205872,12.0887889862,-132.990234375,0
rail_jump_release,142,6.67857789993,12.9780931473,-132.904388428,-1.78868015234e-14,8.57373505525e-10,1.61623114892e-09,1,51,0,-1.93858770454e-14,-3.31585953139e-10,1.31684774196e-09,6.67778205872,12.0887889862,-132.990234375,0
rail_jump_release,143,6.67857789993,12.9780931473,-132.904388428,-1.07813733188e-14,8.57373505525e-10,1.61623114892e-09,1,51,0,-1.22804488407e-14,-3.31585953139e-10,1.31684774196e-09,6.67778205872,12.0887889862,-132.990234375,0
rail_jump_release,144,6.67857789993,12.9780931473,-132.904388428,-3.6759459612e-15,8.57373505525e-10,1.61623114892e-09,1,51,0,-5.17502190663e-15,-3.31585953139e-10,1.31684774196e-09,6.67778205872,12.0887889862,-132.990234375,0
rail_jump_release,145,6.67857789993,12.9780931473,-132.904388428,3.4294813964e-15,8.57373505525e-10,1.61623114892e-09,1,51,0,1.93040545097e-15,-3.31585953139e-10,1.31684774196e-09,6.67778205872,12.0887889862,-132.990234375,0
rail_jump_release,146,6.67857789993,12.9780931473,-132.904388428,-1.78868015234e-14,8.57373505525e-10,1.61623114892e-09,1,51,0,-1.93858770454e-14,-3.31585953139e-10,1.31684774196e-09,6.67778205872,12.0887889862,-132.990234375,0
rail_jump_release,147,6.67857789993,12.9780931473,-132.904388428,-1.07813733188e-14,8.57373505525e-10,1.61623114892e-09,1,51,0,-1.22804488407e-14,-3.31585953139e-10,1.31684774196e-09,6.67778205872,12.0887889862,-132.990234375,0
rail_jump_release,148,6.67857789993,12.9780931473,-132.904388428,-3.6759459612e-15,8.57373505525e-10,1.61623114892e-09,1,51,0,-5.17502190663e-15,-3.31585953139e-10,1.31684774196e-09,6.67778205872,12.0887889862,-132.990234375,0
rail_jump_release,149,6.67857789993,12.9780931473,-132.904388428,3.4294813964e-15,8.57373505525e-10,1.61623114892e-09,1,51,0,1.93040545097e-15,-3.31585953139e-10,1.31684774196e-09,6.67778205872,12.0887889862,-132.990234375,0
rail_jump_release,150,6.67857789993,12.9780931473,-132.904388428,-1.78868015234e-14,8.57373505525e-10,1.61623114892e-09,1,51,0,-1.93858770454e-14,-3.31585953139e-10,1.31684774196e-09,6.67778205872,12.0887889862,-132.990234375,0
rail_jump_release,151,6.67857789993,12.9780931473,-132.904388428,-1.07813733188e-14,8.57373505525e-10,1.61623114892e-09,1,51,0,-1.22804488407e-14,-3.31585953139e-10,1.31684774196e-09,6.67778205872,12.0887889862,-132.990234375,0
rail_jump_release,152,6.67857789993,12.9780931473,-132.904388428,-3.6759459612e-15,8.57373505525e-10,1.61623114892e-09,1,51,0,-5.17502190663e-15,-3.31585953139e-10,1.31684774196e-09,6.67778205872,12.0887889862,-132.990234375,0
rail_jump_release,153,6.67857789993,12.9780931473,-132.904388428,3.4294813964e-15,8.57373505525e-10,1.61623114892e-09,1,51,0,1.93040545097e-15,-3.31585953139e-10,1.31684774196e-09,6.67778205872,12.0887889862,-132.990234375,0
rail_jump_release,154,6.67857789993,12.9780931473,-132.904388428,-1.78868015234e-14,8.57373505525e-10,1.61623114892e-09,1,51,0,-1.93858770454e-14,-3.31585953139e-10,1.31684774196e-09,6.67778205872,12.0887889862,-132.990234375,0
rail_jump_release,155,6.67857789993,12.9780931473,-132.904388428,-1.07813733188e-14,8.57373505525e-10,1.61623114892e-09,1,51,0,-1.22804488407e-14,-3.31585953139e-10,1.31684774196e-09,6.67778205872,12.0887889862,-132.990234375,0
rail_jump_release,156,6.67857789993,12.9780931473,-132.904388428,-3.6759459612e-15,8.57373505525e-10,1.61623114892e-09,1,51,0,-5.17502190663e-15,-3.31585953139e-10,1.31684774196e-09,6.67778205872,12.0887889862,-132.990234375,0
rail_jump_release,157,6.67857789993,12.9780931473,-132.904388428,3.4294813964e-15,8.57373505525e-10,1.61623114892e-09,1,51,0,1.93040545097e-15,-3.31585953139e-10,1.31684774196e-09,6.67778205872,12.0887889862,-132.990234375,0
rail_jump_release,158,6.67857789993,12.9780931473,-132.904388428,-1.78868015234e-14,8.57373505525e-10,1.61623114892e-09,1,51,0,-1.93858770454e-14,-3.31585953139e-10,1.31684774196e-09,6.67778205872,12.0887889862,-132.990234375,0
rail_jump_release,159,6.67857789993,12.9780931473,-132.904388428,-1.07813733188e-14,8.57373505525e-10,1.61623114892e-09,1,51,0,-1.22804488407e-14,-3.31585953139e-10,1.31684774196e-09,6.67778205872,12.0887889862,-132.990234375,0
rail_jump_release,160,6.67857789993,12.9780931473,-132.904388428,-3.6759459612e-15,8.57373505525e-10,1.61623114892e-09,1,51,0,-5.17502190663e-15,-3.31585953139e-10,1.31684774196e-09,6.67778205872,12.0887889862,-132.990234375,0
rail_jump_release,161,6.67857789993,12.9780931473,-132.904388428,3.4294813964e-15,8.57373505525e-10,1.61623114892e-09,1,51,0,1.93040545097e-15,-3.31585953139e-10,1.31684774196e-09,6.67778205872,12.0887889862,-132.990234375,0
rail_jump_release,162,6.67857789993,12.9780931473,-132.904388428,-1.78868015234e-14,8.57373505525e-10,1.61623114892e-09,1,51,0,-1.93858770454e-14,-3.31585953139e-10,1.31684774196e-09,6.67778205872,12.0887889862,-132.990234375,0
rail_jump_release,163,6.67857789993,12.9780931473,-132.904388428,-1.07813733188e-14,8.57373505525e-10,1.61623114892e-09,1,51,0,-1.22804488407e-14,-3.31585953139e-10,1.31684774196e-09,6.67778205872,12.0887889862,-132.990234375,0
rail_jump_release,164,6.67857789993,12.9780931473,-132.904388428,-3.6759459612e-15,8.57373505525e-10,1.61623114892e-09,1,51,0,-5.17502190663e-15,-3.31585953139e-10,1.31684774196e-09,6.67778205872,12.0887889862,-132.990234375,0
rail_jump_release,165,6.67857789993,12.9780931473,-132.904388428,3.4294813964e-15,8.57373505525e-10,1.61623114892e-09,1,51,0,1.93040545097e-15,-3.31585953139e-10,1.31684774196e-09,6.67778205872,12.0887889862,-132.990234375,0
rail_jump_release,166,6.67857789993,12.9780931473,-132.904388428,-1.78868015234e-14,8.57373505525e-10,1.61623114892e-09,1,51,0,-1.93858770454e-14,-3.31585953139e-10,1.31684774196e-09,6.67778205872,12.0887889862,-132.990234375,0
rail_jump_release,167,6.67857789993,12.9780931473,-132.904388428,-1.07813733188e-14,8.57373505525e-10,1.61623114892e-09,1,51,0,-1.22804488407e-14,-3.31585953139e-10,1.31684774196e-09,6.67778205872,12.0887889862,-132.990234375,0
rail_jump_release,168,6.67857789993,12.9780931473,-132.904388428,-3.6759459612e-15,8.57373505525e-10,1.61623114892e-09,1,51,0,-5.17502190663e-15,-3.31585953139e-10,1.31684774196e-09,6.67778205872,12.0887889862,-132.990234375,0
rail_jump_release,169,6.67857789993,12.9780931473,-132.904388428,3.4294813964e-15,8.57373505525e-10,1.61623114892e-09,1,51,0,1.93040545097e-15,-3.31585953139e-10,1.31684774196e-09,6.67778205872,12.0887889862,-132.990234375,0
rail_jump_release,170,6.67857789993,12.9780931473,-132.904388428,-1.78868015234e-14,8.57373505525e-10,1.61623114892e-09,1,51,0,-1.93858770454e-14,-3.31585953139e-10,1.31684774196e-09,6.67778205872,12.0887889862,-132.990234375,0
rail_jump_release,171,6.67857789993,12.9780931473,-132.904388428,-1.07813733188e-14,8.57373505525e-10,1.61623114892e-09,1,51,0,-1.22804488407e-14,-3.31585953139e-10,1.31684774196e-09,6.67778205872,12.0887889862,-132.990234375,0
rail_jump_release,172,6.67857789993,12.9780931473,-132.904388428,-3.6759459612e-15,8.57373505525e-10,1.61623114892e-09,1,51,0,-5.17502190663e-15,-3.31585953139e-10,1.31684774196e-09,6.67778205872,12.0887889862,-132.990234375,0
rail_jump_release,173,6.67857789993,12.9780931473,-132.904388428,3.4294813964e-15,8.57373505525e-10,1.61623114892e-09,1,51,0,1.93040545097e-15,-3.31585953139e-10,1.31684774196e-09,6.67778205872,12.0887889862,-132.990234375,0
rail_jump_release,174,6.67857789993,12.9780931473,-132.904388428,-1.78868015234e-14,8.57373505525e-10,1.61623114892e-09,1,51,0,-1.93858770454e-14,-3.31585953139e-10,1.31684774196e-09,6.67778205872,12.0887889862,-132.990234375,0
rail_jump_release,175,6.67857789993,12.9780931473,-132.904388428,-1.07813733188e-14,8.57373505525e-10,1.61623114892e-09,1,51,0,-1.22804488407e-14,-3.31585953139e-10,1.31684774196e-09,6.67778205872,12.0887889862,-132.990234375,0
rail_jump_release,176,6.67857789993,12.9780931473,-132.904388428,-3.6759459612e-15,8.57373505525e-10,1.61623114892e-09,1,51,0,-5.17502190663e-15,-3.31585953139e-10,1.31684774196e-09,6.67778205872,12.0887889862,-132.990234375,0
rail_jump_release,177,6.67857789993,12.9780931473,-132.904388428,3.4294813964e-15,8.57373505525e-10,1.61623114892e-09,1,51,0,1.93040545097e-15,-3.31585953139e-10,1.31684774196e-09,6.67778205872,12.0887889862,-132.990234375,0
rail_jump_release,178,6.67857789993,12.9780931473,-132.904388428,-1.78868015234e-14,8.57373505525e-10,1.61623114892e-09,1,51,0,-1.93858770454e-14,-3.31585953139e-10,1.31684774196e-09,6.67778205872,12.0887889862,-132.990234375,0
rail_jump_release,179,6.67857789993,12.9780931473,-132.904388428,-1.07813733188e-14,8.57373505525e-10,1.61623114892e-09,1,51,0,-1.22804488407e-14,-3.31585953139e-10,1.31684774196e-09,6.67778205872,12.0887889862,-132.990234375,0
rail_jump_release,180,6.67857789993,12.9780931473,-132.904388428,-3.6759459612e-15,8.57373505525e-10,1.61623114892e-09,1,51,0,-5.17502190663e-15,-3.31585953139e-10,1.31684774196e-09,6.67778205872,12.0887889862,-132.990234375,0
rail_jump_release,270,6.67857789993,12.9780931473,-132.904388428,-1.78868015234e-14,8.57373505525e-10,1.61623114892e-09,1,51,0,-1.93858770454e-14,-3.31585953139e-10,1.31684774196e-09,6.67778205872,12.0887889862,-132.990234375,0
rail_jump_release,360,6.67857789993,12.9780931473,-132.904388428,-3.6759459612e-15,8.57373505525e-10,1.61623114892e-09,1,51,0,-5.17502190663e-15,-3.31585953139e-10,1.31684774196e-09,6.67778205872,12.0887889862,-132.990234375,0
rail_jump_release,450,6.67857789993,12.9780931473,-132.904388428,-1.78868015234e-14,8.57373505525e-10,1.61623114892e-09,1,51,0,-1.93858770454e-14,-3.31585953139e-10,1.31684774196e-09,6.67778205872,12.0887889862,-132.990234375,0
rail_jump_release,540,6.67857789993,12.9780931473,-132.904388428,-3.6759459612e-15,8.57373505525e-10,1.61623114892e-09,1,51,0,-5.17502190663e-15,-3.31585953139e-10,1.31684774196e-09,6.67778205872,12.0887889862,-132.990234375,0
rail_jump_release,630,6.67857789993,12.9780931473,-132.904388428,-1.78868015234e-14,8.57373505525e-10,1.61623114892e-09,1,51,0,-1.93858770454e-14,-3.31585953139e-10,1.31684774196e-09,6.67778205872,12.0887889862,-132.990234375,0
rail_jump_release,720,6.67857789993,12.9780931473,-132.904388428,-3.6759459612e-15,8.57373505525e-10,1.61623114892e-09,1,51,0,-5.17502190663e-15,-3.31585953139e-10,1.31684774196e-09,6.67778205872,12.0887889862,-132.990234375,0
rail_jump_release,810,6.67857789993,12.9780931473,-132.904388428,-1.78868015234e-14,8.57373505525e-10,1.61623114892e-09,1,51,0,-1.93858770454e-14,-3.31585953139e-10,1.31684774196e-09,6.67778205872,12.0887889862,-132.990234375,0
rail_jump_release,900,6.67857789993,12.9780931473,-132.904388428,-3.6759459612e-15,8.57373505525e-10,1.61623114892e-09,1,51,0,-5.17502190663e-15,-3.31585953139e-10,1.31684774196e-09,6.67778205872,12.0887889862,-132.990234375,0
rail_jump_release,990,6.67857789993,12.9780931473,-132.904388428,-1.78868015234e-14,8.57373505525e-10,1.61623114892e-09,1,51,0,-1.93858770454e-14,-3.31585953139e-10,1.31684774196e-09,6.67778205872,12.0887889862,-132.990234375,0
rail_jump_release,1080,6.67857789993,12.9780931473,-132.904388428,-3.6759459612e-15,8.57373505525e-10,1.61623114892e-09,1,51,0,-5.17502190663e-15,-3.31585953139e-10,1.31684774196e-09,6.67778205872,12.0887889862,-132.990234375,0
rail_jump_release,1170,6.67857789993,12.9780931473,-132.904388428,-1.78868015234e-14,8.57373505525e-10,1.61623114892e-09,1,51,0,-1.93858770454e-14,-3.31585953139e-10,1.31684774196e-09,6.67778205872,12.0887889862,-132.990234375,0
rail_jump_release,1260,6.67857789993,12.9780931473,-132.904388428,-3.6759459612e-15,8.57373505525e-10,1.61623114892e-09,1,51,0,-5.17502190663e-15,-3.31585953139e-10,1.31684774196e-09,6.67778205872,12.0887889862,-132.990234375,0
rail_jump_release,1350,6.67857789993,12.9780931473,-132.904388428,-1.78868015234e-14,8.57373505525e-10,1.61623114892e-09,1,51,0,-1.93858770454e-14,-3.31585953139e-10,1.31684774196e-09,6.67778205872,12.0887889862,-132.990234375,0
rail_jump_release,1440,6.67857789993,12.9780931473,-132.904388428,-3.6759459612e-15,8.57373505525e-10,1.61623114892e-09,1,51,0,-5.17502190663e-15,-3.31585953139e-10,1.31684774196e-09,6.67778205872,12.0887889862,-132.990234375,0
rail_jump_release,1530,6.67857789993,12.9780931473,-132.904388428,-1.78868015234e-14,8.57373505525e-10,1.61623114892e-09,1,51,0,-1.93858770454e-14,-3.31585953139e-10,1.31684774196e-09,6.67778205872,12.0887889862,-132.990234375,0
rail_jump_release,1620,6.67857789993,12.9780931473,-132.904388428,-3.6759459612e-15,8.57373505525e-10,1.61623114892e-09,1,51,0,-5.17502190663e-15,-3.31585953139e-10,1.31684774196e-09,6.67778205872,12.0887889862,-132.990234375,0
rail_jump_release,1710,6.67857789993,12.9780931473,-132.904388428,-1.78868015234e-14,8.57373505525e-10,1.61623114892e-09,1,51,0,-1.93858770454e-14,-3.31585953139e-10,1.31684774196e-09,6.67778205872,12.0887889862,-132.990234375,0
rail_jump_release,1800,6.67857789993,12.9780931473,-132.904388428,-3.6759459612e-15,8.57373505525e-10,1.61623114892e-09,1,51,0,-5.17502190663e-15,-3.31585953139e-10,1.31684774196e-09,6.67778205872,12.0887889862,-132.990234375,0
